<datapower-configuration version="3"><export-details><description>Exported Configuration </description><user>admin</user><domain>DemoSource</domain><comment/><product-id>9003-XI50-02</product-id><product>XI50</product><model>DataPower XI50</model><device-name>192.168.168.150:9090</device-name><serial-number>130025B</serial-number><firmware-version>XI50.3.8.2.0</firmware-version><firmware-build>193039</firmware-build><firmware-timestamp>2010/12/16 12:12:23</firmware-timestamp><current-date>2011-02-11</current-date><current-time>12:48:06 EST</current-time><reset-date>2011-02-11</reset-date><reset-time>12:24:05 EST</reset-time><login-message/><custom-ui-file/></export-details><interface-data><interface name="eth0" ip-addr="192.168.168.150"/></interface-data><deployment-policy><ConfigDeploymentPolicy name="DemoDeployPolicy" xmlns:env="http://www.w3.org/2003/05/soap-envelope" xmlns:dp="http://www.datapower.com/schemas/management">
<mAdminState read-only="true">enabled</mAdminState>
<ModifiedConfig>
<Match>*/TargetDomainNode1/services/xmlfirewall?Name=BasicFW&amp;Property=LocalPort&amp;Value=12048</Match>
<Type>change</Type>
<Property/>
<Value>14000</Value></ModifiedConfig>
<ModifiedConfig>
<Match>*/TargetDomainNode1/services/xmlfirewall?Name=EncryptDecrypt&amp;Property=LocalPort&amp;Value=12049</Match>
<Type>change</Type>
<Property/>
<Value>14001</Value></ModifiedConfig>
<ModifiedConfig>
<Match>*/TargetDomainNode2/services/xmlfirewall?Name=BasicFW&amp;Property=LocalPort&amp;Value=12048</Match>
<Type>change</Type>
<Property/>
<Value>15000</Value></ModifiedConfig>
<ModifiedConfig>
<Match>*/TargetDomainNode2/services/xmlfirewall?Name=EncryptDecrypt&amp;Property=LocalPort&amp;Value=12049</Match>
<Type>change</Type>
<Property/>
<Value>15001</Value></ModifiedConfig>
<ModifiedConfig>
<Match>*/*/services/multiprotocol-gateway?Name=SampleMPGW&amp;Property=BackendUrl&amp;Value=http:\/\/dev\.com</Match>
<Type>change</Type>
<Property/>
<Value>http://staging.com</Value></ModifiedConfig>
<ModifiedConfig>
<Match>*/TargetDomainNode1/protocol/http?Name=fsh_httpFrontSideHandler&amp;Property=LocalPort&amp;Value=12500</Match>
<Type>change</Type>
<Property/>
<Value>14500</Value></ModifiedConfig>
<ModifiedConfig>
<Match>*/TargetDomainNode2/protocol/http?Name=fsh_httpFrontSideHandler&amp;Property=LocalPort&amp;Value=12500</Match>
<Type>change</Type>
<Property/>
<Value>15500</Value></ModifiedConfig>
<ModifiedConfig>
<Match>*/*/crypto/cert?Name=ServiceBackendSSLProfile_valcred_cert_1&amp;Property=Filename&amp;Value=cert:\/\/\/DevCert-sscert\.pem</Match>
<Type>change</Type>
<Property/>
<Value>cert:///Staging-Cert-sscert.pem</Value></ModifiedConfig>
<ModifiedConfig>
<Match>*/*/services/multiprotocol-gateway?Name=SampleMPGW&amp;Property=StylesheetParameters/ParameterValue&amp;Value=local:\/\/\/DevConfiguration\.xml</Match>
<Type>change</Type>
<Property/>
<Value>local:///StagingConfig.xml</Value></ModifiedConfig>
<ModifiedConfig>
<Match>*/*/services/multiprotocol-gateway?Name=SampleMPGW&amp;Property=StylesheetParameters/ParameterValue&amp;Value=ISOA_ORDER_INPUT_DEV</Match>
<Type>change</Type>
<Property/>
<Value>ISOA_ORDER_INPUT_STG</Value></ModifiedConfig></ConfigDeploymentPolicy></deployment-policy><configuration domain="DemoSource"><HTTPSourceProtocolHandler name="fsh_httpFrontSideHandler" xmlns:env="http://www.w3.org/2003/05/soap-envelope" xmlns:dp="http://www.datapower.com/schemas/management">
<mAdminState>enabled</mAdminState>
<LocalAddress>192.168.168.150</LocalAddress>
<LocalPort>12500</LocalPort>
<HTTPVersion>HTTP/1.1</HTTPVersion>
<AllowedFeatures>
<HTTP-1.0>on</HTTP-1.0>
<HTTP-1.1>on</HTTP-1.1>
<POST>on</POST>
<GET>off</GET>
<PUT>on</PUT>
<HEAD>off</HEAD>
<OPTIONS>off</OPTIONS>
<TRACE>off</TRACE>
<DELETE>off</DELETE>
<CONNECT>off</CONNECT>
<QueryString>on</QueryString>
<FragmentIdentifiers>on</FragmentIdentifiers>
<DotDot>off</DotDot>
<CmdExe>off</CmdExe></AllowedFeatures>
<PersistentConnections>on</PersistentConnections>
<AllowCompression>off</AllowCompression>
<MaxURLLen>16384</MaxURLLen>
<MaxTotalHdrLen>128000</MaxTotalHdrLen>
<MaxHdrCount>0</MaxHdrCount>
<MaxNameHdrLen>0</MaxNameHdrLen>
<MaxValueHdrLen>0</MaxValueHdrLen>
<MaxQueryStringLen>0</MaxQueryStringLen></HTTPSourceProtocolHandler><HTTPUserAgent name="default" intrinsic="true" xmlns:env="http://www.w3.org/2003/05/soap-envelope" xmlns:dp="http://www.datapower.com/schemas/management">
<mAdminState>enabled</mAdminState>
<UserSummary>Default User Agent</UserSummary>
<MaxRedirects>8</MaxRedirects>
<Timeout>300</Timeout></HTTPUserAgent><XMLManager name="default" intrinsic="true" xmlns:env="http://www.w3.org/2003/05/soap-envelope" xmlns:dp="http://www.datapower.com/schemas/management">
<mAdminState>enabled</mAdminState>
<UserSummary>Default XML-Manager</UserSummary>
<CacheSize>256</CacheSize>
<SHA1Caching>on</SHA1Caching>
<StaticDocumentCalls>on</StaticDocumentCalls>
<SearchResults>on</SearchResults>
<Memoization>on</Memoization>
<ParserLimitsBytesScanned>4194304</ParserLimitsBytesScanned>
<ParserLimitsElementDepth>512</ParserLimitsElementDepth>
<ParserLimitsAttributeCount>128</ParserLimitsAttributeCount>
<ParserLimitsMaxNodeSize>33554432</ParserLimitsMaxNodeSize>
<ParserLimitsForbidExternalReferences>on</ParserLimitsForbidExternalReferences>
<ParserLimitsExternalReferences>forbid</ParserLimitsExternalReferences>
<ParserLimitsMaxPrefixes>0</ParserLimitsMaxPrefixes>
<ParserLimitsMaxNamespaces>0</ParserLimitsMaxNamespaces>
<ParserLimitsMaxLocalNames>0</ParserLimitsMaxLocalNames>
<DocCacheMaxDocs>5000</DocCacheMaxDocs>
<DocCacheSize>0</DocCacheSize>
<UserAgent class="HTTPUserAgent">default</UserAgent></XMLManager><Matching name="BasicFW" xmlns:env="http://www.w3.org/2003/05/soap-envelope" xmlns:dp="http://www.datapower.com/schemas/management">
<mAdminState>enabled</mAdminState>
<MatchRules>
<Type>url</Type>
<HttpTag/>
<HttpValue/>
<Url>*</Url>
<ErrorCode/>
<XPATHExpression/>
<Method>default</Method></MatchRules>
<MatchWithPCRE>off</MatchWithPCRE>
<CombineWithOr>off</CombineWithOr></Matching><StylePolicyAction name="SamplEMPGWPolicy_rule_0_xform_0" xmlns:env="http://www.w3.org/2003/05/soap-envelope" xmlns:dp="http://www.datapower.com/schemas/management">
<mAdminState>enabled</mAdminState>
<Type>xform</Type>
<Input>INPUT</Input>
<Transform>local:///addsoapheader.xsl</Transform>
<Output>PIPE</Output>
<NamedInOutLocationType>default</NamedInOutLocationType>
<StylesheetParameters>
<ParameterName>BackendQueueName</ParameterName>
<ParameterValue>ISOA_ORDER_INPUT_DEV</ParameterValue></StylesheetParameters>
<StylesheetParameters>
<ParameterName>ConfigFile</ParameterName>
<ParameterValue>local:///DevConfiguration.xml</ParameterValue></StylesheetParameters>
<OutputType>default</OutputType>
<Transactional>off</Transactional>
<SOAPValidation>body</SOAPValidation>
<SQLSourceType>static</SQLSourceType>
<Asynchronous>off</Asynchronous>
<ResultsMode>first-available</ResultsMode>
<RetryCount>0</RetryCount>
<RetryInterval>1000</RetryInterval>
<MultipleOutputs>off</MultipleOutputs>
<IteratorType>XPATH</IteratorType>
<Timeout>0</Timeout>
<MethodRewriteType>GET</MethodRewriteType>
<MethodType>POST</MethodType>
<MethodType2>POST</MethodType2></StylePolicyAction><StylePolicyAction name="SamplEMPGWPolicy_rule_0_results_0" xmlns:env="http://www.w3.org/2003/05/soap-envelope" xmlns:dp="http://www.datapower.com/schemas/management">
<mAdminState>enabled</mAdminState>
<Type>results</Type>
<Input>PIPE</Input>
<NamedInOutLocationType>default</NamedInOutLocationType>
<OutputType>default</OutputType>
<Transactional>off</Transactional>
<SOAPValidation>body</SOAPValidation>
<SQLSourceType>static</SQLSourceType>
<Asynchronous>off</Asynchronous>
<ResultsMode>first-available</ResultsMode>
<RetryCount>0</RetryCount>
<RetryInterval>1000</RetryInterval>
<MultipleOutputs>off</MultipleOutputs>
<IteratorType>XPATH</IteratorType>
<Timeout>0</Timeout>
<MethodRewriteType>GET</MethodRewriteType>
<MethodType>POST</MethodType>
<MethodType2>POST</MethodType2></StylePolicyAction><StylePolicyRule name="SamplEMPGWPolicy_rule_0" xmlns:env="http://www.w3.org/2003/05/soap-envelope" xmlns:dp="http://www.datapower.com/schemas/management">
<mAdminState>enabled</mAdminState>
<Direction>rule</Direction>
<InputFormat>none</InputFormat>
<OutputFormat>none</OutputFormat>
<NonXMLProcessing>off</NonXMLProcessing>
<Unprocessed>off</Unprocessed>
<Actions class="StylePolicyAction">SamplEMPGWPolicy_rule_0_xform_0</Actions>
<Actions class="StylePolicyAction">SamplEMPGWPolicy_rule_0_results_0</Actions></StylePolicyRule><StylePolicy name="SamplEMPGWPolicy" xmlns:env="http://www.w3.org/2003/05/soap-envelope" xmlns:dp="http://www.datapower.com/schemas/management">
<mAdminState>enabled</mAdminState>
<DefStylesheetForSoap>store:///filter-reject-all.xsl</DefStylesheetForSoap>
<DefStylesheetForXsl>store:///identity.xsl</DefStylesheetForXsl>
<PolicyMaps>
<Match class="Matching">BasicFW</Match>
<Rule class="StylePolicyRule">SamplEMPGWPolicy_rule_0</Rule></PolicyMaps></StylePolicy><MultiProtocolGateway name="SampleMPGW" xmlns:env="http://www.w3.org/2003/05/soap-envelope" xmlns:dp="http://www.datapower.com/schemas/management">
<mAdminState>enabled</mAdminState>
<Priority>normal</Priority>
<FrontProtocol class="HTTPSourceProtocolHandler">fsh_httpFrontSideHandler</FrontProtocol>
<XMLManager class="XMLManager">default</XMLManager>
<StylesheetParameters>
<ParameterName>BackendQueueName</ParameterName>
<ParameterValue>ISOA_ORDER_INPUT_DEV</ParameterValue></StylesheetParameters>
<StylesheetParameters>
<ParameterName>ConfigFile</ParameterName>
<ParameterValue>local:///DevConfiguration.xml</ParameterValue></StylesheetParameters>
<DefaultParamNamespace>http://www.datapower.com/param/config</DefaultParamNamespace>
<QueryParamNamespace>http://www.datapower.com/param/query</QueryParamNamespace>
<BackendUrl>http://dev.com</BackendUrl>
<PropagateURI>on</PropagateURI>
<MonitorProcessingPolicy>terminate-at-first-throttle</MonitorProcessingPolicy>
<RequestAttachments>strip</RequestAttachments>
<ResponseAttachments>strip</ResponseAttachments>
<RootPartNotFirstAction>process-in-order</RootPartNotFirstAction>
<FrontAttachmentFormat>dynamic</FrontAttachmentFormat>
<BackAttachmentFormat>dynamic</BackAttachmentFormat>
<MIMEFrontHeaders>on</MIMEFrontHeaders>
<MIMEBackHeaders>on</MIMEBackHeaders>
<StreamOutputToBack>buffer-until-verification</StreamOutputToBack>
<StreamOutputToFront>buffer-until-verification</StreamOutputToFront>
<MaxMessageSize>0</MaxMessageSize>
<GatewayParserLimits>off</GatewayParserLimits>
<ParserLimitsElementDepth>512</ParserLimitsElementDepth>
<ParserLimitsAttributeCount>128</ParserLimitsAttributeCount>
<ParserLimitsMaxNodeSize>33554432</ParserLimitsMaxNodeSize>
<ParserLimitsForbidExternalReferences>on</ParserLimitsForbidExternalReferences>
<ParserLimitsExternalReferences>forbid</ParserLimitsExternalReferences>
<ParserLimitsMaxPrefixes>0</ParserLimitsMaxPrefixes>
<ParserLimitsMaxNamespaces>0</ParserLimitsMaxNamespaces>
<ParserLimitsMaxLocalNames>0</ParserLimitsMaxLocalNames>
<ParserLimitsAttachmentByteCount>2000000000</ParserLimitsAttachmentByteCount>
<ParserLimitsAttachmentPackageByteCount>0</ParserLimitsAttachmentPackageByteCount>
<DebugMode persisted="false">off</DebugMode>
<DebuggerType>internal</DebuggerType>
<DebugHistory>25</DebugHistory>
<RequestType>soap</RequestType>
<ResponseType>soap</ResponseType>
<FlowControl>off</FlowControl>
<SOAPSchemaURL>store:///schemas/soap-envelope.xsd</SOAPSchemaURL>
<FrontTimeout>120</FrontTimeout>
<BackTimeout>120</BackTimeout>
<FrontPersistentTimeout>180</FrontPersistentTimeout>
<BackPersistentTimeout>180</BackPersistentTimeout>
<IncludeResponseTypeEncoding>off</IncludeResponseTypeEncoding>
<BackHTTPVersion>HTTP/1.1</BackHTTPVersion>
<AllowCompression>off</AllowCompression>
<PersistentConnections>on</PersistentConnections>
<LoopDetection>off</LoopDetection>
<FollowRedirects>on</FollowRedirects>
<DoHostRewriting>on</DoHostRewriting>
<DoChunkedUpload>off</DoChunkedUpload>
<ProcessHTTPErrors>on</ProcessHTTPErrors>
<HTTPClientIPLabel>X-Client-IP</HTTPClientIPLabel>
<InOrderMode>
<Request>off</Request>
<Backend>off</Backend>
<Response>off</Response></InOrderMode>
<WSAMode>sync2sync</WSAMode>
<WSARequireAAA>on</WSARequireAAA>
<WSAStrip>on</WSAStrip>
<WSADefaultReplyTo>http://schemas.xmlsoap.org/ws/2004/08/addressing/role/anonymous</WSADefaultReplyTo>
<WSADefaultFaultTo>http://schemas.xmlsoap.org/ws/2004/08/addressing/role/anonymous</WSADefaultFaultTo>
<WSAForce>off</WSAForce>
<WSAGenStyle>sync</WSAGenStyle>
<WSAHTTPAsyncResponseCode>204</WSAHTTPAsyncResponseCode>
<WSATimeout>120</WSATimeout>
<WSRMEnabled>off</WSRMEnabled>
<WSRMSequenceExpiration>3600</WSRMSequenceExpiration>
<WSRMDestinationAcceptCreateSequence>on</WSRMDestinationAcceptCreateSequence>
<WSRMDestinationMaximumSequences>400</WSRMDestinationMaximumSequences>
<WSRMDestinationInOrder>off</WSRMDestinationInOrder>
<WSRMDestinationMaximumInOrderQueueLength>10</WSRMDestinationMaximumInOrderQueueLength>
<WSRMDestinationAcceptOffers>off</WSRMDestinationAcceptOffers>
<WSRMFrontForce>off</WSRMFrontForce>
<WSRMBackForce>off</WSRMBackForce>
<WSRMBackCreateSequence>off</WSRMBackCreateSequence>
<WSRMFrontCreateSequence>off</WSRMFrontCreateSequence>
<WSRMSourceMakeOffer>off</WSRMSourceMakeOffer>
<WSRMUsesSequenceSSL>off</WSRMUsesSequenceSSL>
<WSRMSourceMaximumSequences>400</WSRMSourceMaximumSequences>
<WSRMSourceRetransmissionInterval>10</WSRMSourceRetransmissionInterval>
<WSRMSourceExponentialBackoff>on</WSRMSourceExponentialBackoff>
<WSRMSourceMaximumRetransmissions>4</WSRMSourceMaximumRetransmissions>
<WSRMSourceMaximumQueueLength>30</WSRMSourceMaximumQueueLength>
<WSRMSourceRequestAckCount>1</WSRMSourceRequestAckCount>
<WSRMSourceInactivityClose>360</WSRMSourceInactivityClose>
<ForcePolicyExec>off</ForcePolicyExec>
<StylePolicy class="StylePolicy">SamplEMPGWPolicy</StylePolicy>
<Type>static-backend</Type></MultiProtocolGateway><StylePolicyAction name="BasicFW_request_xform_0" xmlns:env="http://www.w3.org/2003/05/soap-envelope" xmlns:dp="http://www.datapower.com/schemas/management">
<mAdminState>enabled</mAdminState>
<Type>xform</Type>
<Input>INPUT</Input>
<Transform>local:///addsoapheader.xsl</Transform>
<Output>PIPE</Output>
<NamedInOutLocationType>default</NamedInOutLocationType>
<OutputType>default</OutputType>
<Transactional>off</Transactional>
<SOAPValidation>body</SOAPValidation>
<SQLSourceType>static</SQLSourceType>
<Asynchronous>off</Asynchronous>
<ResultsMode>first-available</ResultsMode>
<RetryCount>0</RetryCount>
<RetryInterval>1000</RetryInterval>
<MultipleOutputs>off</MultipleOutputs>
<IteratorType>XPATH</IteratorType>
<Timeout>0</Timeout>
<MethodRewriteType>GET</MethodRewriteType>
<MethodType>POST</MethodType>
<MethodType2>POST</MethodType2></StylePolicyAction><StylePolicyAction name="BasicFW_request_results" xmlns:env="http://www.w3.org/2003/05/soap-envelope" xmlns:dp="http://www.datapower.com/schemas/management">
<mAdminState>enabled</mAdminState>
<Type>results</Type>
<Input>PIPE</Input>
<NamedInOutLocationType>default</NamedInOutLocationType>
<Transactional>off</Transactional>
<SOAPValidation>body</SOAPValidation>
<SQLSourceType>static</SQLSourceType>
<Asynchronous>off</Asynchronous>
<ResultsMode>first-available</ResultsMode>
<RetryCount>0</RetryCount>
<RetryInterval>1000</RetryInterval>
<MultipleOutputs>off</MultipleOutputs>
<IteratorType>XPATH</IteratorType>
<Timeout>0</Timeout>
<MethodRewriteType>GET</MethodRewriteType>
<MethodType>POST</MethodType>
<MethodType2>POST</MethodType2></StylePolicyAction><StylePolicyRule name="BasicFW_request" xmlns:env="http://www.w3.org/2003/05/soap-envelope" xmlns:dp="http://www.datapower.com/schemas/management">
<mAdminState>enabled</mAdminState>
<Direction>request-rule</Direction>
<InputFormat>none</InputFormat>
<OutputFormat>none</OutputFormat>
<NonXMLProcessing>off</NonXMLProcessing>
<Unprocessed>off</Unprocessed>
<Actions class="StylePolicyAction">BasicFW_request_xform_0</Actions>
<Actions class="StylePolicyAction">BasicFW_request_results</Actions></StylePolicyRule><StylePolicy name="BasicFW" xmlns:env="http://www.w3.org/2003/05/soap-envelope" xmlns:dp="http://www.datapower.com/schemas/management">
<mAdminState>enabled</mAdminState>
<DefStylesheetForSoap>store:///filter-reject-all.xsl</DefStylesheetForSoap>
<DefStylesheetForXsl>store:///identity.xsl</DefStylesheetForXsl>
<PolicyMaps>
<Match class="Matching">BasicFW</Match>
<Rule class="StylePolicyRule">BasicFW_request</Rule></PolicyMaps></StylePolicy><XMLFirewallService name="BasicFW" xmlns:env="http://www.w3.org/2003/05/soap-envelope" xmlns:dp="http://www.datapower.com/schemas/management">
<mAdminState>enabled</mAdminState>
<LocalAddress>0.0.0.0</LocalAddress>
<Priority>normal</Priority>
<LocalPort>12048</LocalPort>
<HTTPTimeout>120</HTTPTimeout>
<HTTPPersistTimeout>180</HTTPPersistTimeout>
<DoHostRewrite>on</DoHostRewrite>
<SuppressHTTPWarnings>off</SuppressHTTPWarnings>
<HTTPCompression>off</HTTPCompression>
<HTTPIncludeResponseTypeEncoding>off</HTTPIncludeResponseTypeEncoding>
<AlwaysShowErrors>off</AlwaysShowErrors>
<DisallowGet>on</DisallowGet>
<DisallowEmptyResponse>off</DisallowEmptyResponse>
<HTTPPersistentConnections>on</HTTPPersistentConnections>
<HTTPClientIPLabel>X-Client-IP</HTTPClientIPLabel>
<HTTPProxyPort>800</HTTPProxyPort>
<HTTPVersion>
<Front>HTTP/1.1</Front>
<Back>HTTP/1.1</Back></HTTPVersion>
<DoChunkedUpload>off</DoChunkedUpload>
<DefaultParamNamespace>http://www.datapower.com/param/config</DefaultParamNamespace>
<QueryParamNamespace>http://www.datapower.com/param/query</QueryParamNamespace>
<ForcePolicyExec>off</ForcePolicyExec>
<MonitorProcessingPolicy>terminate-at-first-throttle</MonitorProcessingPolicy>
<DebugMode persisted="false">off</DebugMode>
<DebuggerType>internal</DebuggerType>
<DebugHistory>25</DebugHistory>
<WebGUIMode>off</WebGUIMode>
<Type>loopback-proxy</Type>
<XMLManager class="XMLManager">default</XMLManager>
<StylePolicy class="StylePolicy">BasicFW</StylePolicy>
<MaxMessageSize>0</MaxMessageSize>
<RequestType>unprocessed</RequestType>
<ResponseType>unprocessed</ResponseType>
<RequestAttachments>strip</RequestAttachments>
<ResponseAttachments>strip</ResponseAttachments>
<RootPartNotFirstAction>process-in-order</RootPartNotFirstAction>
<FrontAttachmentFormat>dynamic</FrontAttachmentFormat>
<BackAttachmentFormat>dynamic</BackAttachmentFormat>
<MIMEHeaders>on</MIMEHeaders>
<SOAPSchemaURL>store:///schemas/soap-envelope.xsd</SOAPSchemaURL>
<WSDLResponsePolicy>off</WSDLResponsePolicy>
<FirewallParserLimits>off</FirewallParserLimits>
<ParserLimitsBytesScanned>4194304</ParserLimitsBytesScanned>
<ParserLimitsElementDepth>512</ParserLimitsElementDepth>
<ParserLimitsAttributeCount>128</ParserLimitsAttributeCount>
<ParserLimitsMaxNodeSize>33554432</ParserLimitsMaxNodeSize>
<ParserLimitsForbidExternalReferences>on</ParserLimitsForbidExternalReferences>
<ParserLimitsMaxPrefixes>0</ParserLimitsMaxPrefixes>
<ParserLimitsMaxNamespaces>0</ParserLimitsMaxNamespaces>
<ParserLimitsMaxLocalNames>0</ParserLimitsMaxLocalNames>
<ParserLimitsAttachmentByteCount>2000000000</ParserLimitsAttachmentByteCount>
<ParserLimitsAttachmentPackageByteCount>0</ParserLimitsAttachmentPackageByteCount>
<ParserLimitsExternalReferences>forbid</ParserLimitsExternalReferences></XMLFirewallService><Matching name="EncryptDecrypt" xmlns:env="http://www.w3.org/2003/05/soap-envelope" xmlns:dp="http://www.datapower.com/schemas/management">
<mAdminState>enabled</mAdminState>
<MatchRules>
<Type>url</Type>
<HttpTag/>
<HttpValue/>
<Url>*/encrypt</Url>
<ErrorCode/>
<XPATHExpression/>
<Method>default</Method></MatchRules>
<MatchWithPCRE>off</MatchWithPCRE>
<CombineWithOr>off</CombineWithOr></Matching><CryptoCertificate name="bryon" xmlns:env="http://www.w3.org/2003/05/soap-envelope" xmlns:dp="http://www.datapower.com/schemas/management">
<mAdminState>enabled</mAdminState>
<Filename>cert:///FFIC-sscert.pem</Filename>
<PasswordAlias>off</PasswordAlias>
<IgnoreExpiration>off</IgnoreExpiration></CryptoCertificate><StylePolicyAction name="EncryptDecrypt_request_encrypt_0" xmlns:env="http://www.w3.org/2003/05/soap-envelope" xmlns:dp="http://www.datapower.com/schemas/management">
<mAdminState>enabled</mAdminState>
<Type>xform</Type>
<Input>INPUT</Input>
<Transform>store:///encrypt-wssec.xsl</Transform>
<Output>PIPE</Output>
<NamedInOutLocationType>default</NamedInOutLocationType>
<StylesheetParameters>
<ParameterName>{http://www.datapower.com/param/config}recipient</ParameterName>
<ParameterValue>bryon</ParameterValue></StylesheetParameters>
<OutputType>default</OutputType>
<Transactional>off</Transactional>
<SOAPValidation>body</SOAPValidation>
<SQLSourceType>static</SQLSourceType>
<Asynchronous>off</Asynchronous>
<ResultsMode>first-available</ResultsMode>
<RetryCount>0</RetryCount>
<RetryInterval>1000</RetryInterval>
<MultipleOutputs>off</MultipleOutputs>
<IteratorType>XPATH</IteratorType>
<Timeout>0</Timeout>
<MethodRewriteType>GET</MethodRewriteType>
<MethodType>POST</MethodType>
<MethodType2>POST</MethodType2></StylePolicyAction><StylePolicyAction name="EncryptDecrypt_request_results" xmlns:env="http://www.w3.org/2003/05/soap-envelope" xmlns:dp="http://www.datapower.com/schemas/management">
<mAdminState>enabled</mAdminState>
<Type>results</Type>
<Input>PIPE</Input>
<NamedInOutLocationType>default</NamedInOutLocationType>
<Transactional>off</Transactional>
<SOAPValidation>body</SOAPValidation>
<SQLSourceType>static</SQLSourceType>
<Asynchronous>off</Asynchronous>
<ResultsMode>first-available</ResultsMode>
<RetryCount>0</RetryCount>
<RetryInterval>1000</RetryInterval>
<MultipleOutputs>off</MultipleOutputs>
<IteratorType>XPATH</IteratorType>
<Timeout>0</Timeout>
<MethodRewriteType>GET</MethodRewriteType>
<MethodType>POST</MethodType>
<MethodType2>POST</MethodType2></StylePolicyAction><StylePolicyRule name="EncryptDecrypt_request" xmlns:env="http://www.w3.org/2003/05/soap-envelope" xmlns:dp="http://www.datapower.com/schemas/management">
<mAdminState>enabled</mAdminState>
<Direction>request-rule</Direction>
<InputFormat>none</InputFormat>
<OutputFormat>none</OutputFormat>
<NonXMLProcessing>off</NonXMLProcessing>
<Unprocessed>off</Unprocessed>
<Actions class="StylePolicyAction">EncryptDecrypt_request_encrypt_0</Actions>
<Actions class="StylePolicyAction">EncryptDecrypt_request_results</Actions></StylePolicyRule><Matching name="decrypt" xmlns:env="http://www.w3.org/2003/05/soap-envelope" xmlns:dp="http://www.datapower.com/schemas/management">
<mAdminState>enabled</mAdminState>
<MatchRules>
<Type>url</Type>
<HttpTag/>
<HttpValue/>
<Url>*/decrypt</Url>
<ErrorCode/>
<XPATHExpression/>
<Method>default</Method></MatchRules>
<MatchWithPCRE>off</MatchWithPCRE>
<CombineWithOr>off</CombineWithOr></Matching><CryptoKey name="bryon" xmlns:env="http://www.w3.org/2003/05/soap-envelope" xmlns:dp="http://www.datapower.com/schemas/management">
<mAdminState>enabled</mAdminState>
<Filename>cert:///FFIC-privkey.pem</Filename>
<PasswordAlias>off</PasswordAlias></CryptoKey><StylePolicyAction name="EncryptDecrypt_rule_0_decrypt_0" xmlns:env="http://www.w3.org/2003/05/soap-envelope" xmlns:dp="http://www.datapower.com/schemas/management">
<mAdminState>enabled</mAdminState>
<Type>xform</Type>
<Input>INPUT</Input>
<Transform>store:///decrypt.xsl</Transform>
<Output>PIPE</Output>
<NamedInOutLocationType>default</NamedInOutLocationType>
<StylesheetParameters>
<ParameterName>{http://www.datapower.com/param/config}decryptkey</ParameterName>
<ParameterValue>bryon</ParameterValue></StylesheetParameters>
<OutputType>default</OutputType>
<Transactional>off</Transactional>
<SOAPValidation>body</SOAPValidation>
<SQLSourceType>static</SQLSourceType>
<Asynchronous>off</Asynchronous>
<ResultsMode>first-available</ResultsMode>
<RetryCount>0</RetryCount>
<RetryInterval>1000</RetryInterval>
<MultipleOutputs>off</MultipleOutputs>
<IteratorType>XPATH</IteratorType>
<Timeout>0</Timeout>
<MethodRewriteType>GET</MethodRewriteType>
<MethodType>POST</MethodType>
<MethodType2>POST</MethodType2></StylePolicyAction><StylePolicyAction name="EncryptDecrypt_rule_0_results_0" xmlns:env="http://www.w3.org/2003/05/soap-envelope" xmlns:dp="http://www.datapower.com/schemas/management">
<mAdminState>enabled</mAdminState>
<Type>results</Type>
<Input>PIPE</Input>
<NamedInOutLocationType>default</NamedInOutLocationType>
<OutputType>default</OutputType>
<Transactional>off</Transactional>
<SOAPValidation>body</SOAPValidation>
<SQLSourceType>static</SQLSourceType>
<Asynchronous>off</Asynchronous>
<ResultsMode>first-available</ResultsMode>
<RetryCount>0</RetryCount>
<RetryInterval>1000</RetryInterval>
<MultipleOutputs>off</MultipleOutputs>
<IteratorType>XPATH</IteratorType>
<Timeout>0</Timeout>
<MethodRewriteType>GET</MethodRewriteType>
<MethodType>POST</MethodType>
<MethodType2>POST</MethodType2></StylePolicyAction><StylePolicyRule name="EncryptDecrypt_rule_0" xmlns:env="http://www.w3.org/2003/05/soap-envelope" xmlns:dp="http://www.datapower.com/schemas/management">
<mAdminState>enabled</mAdminState>
<Direction>request-rule</Direction>
<InputFormat>none</InputFormat>
<OutputFormat>none</OutputFormat>
<NonXMLProcessing>off</NonXMLProcessing>
<Unprocessed>off</Unprocessed>
<Actions class="StylePolicyAction">EncryptDecrypt_rule_0_decrypt_0</Actions>
<Actions class="StylePolicyAction">EncryptDecrypt_rule_0_results_0</Actions></StylePolicyRule><StylePolicy name="EncryptDecrypt" xmlns:env="http://www.w3.org/2003/05/soap-envelope" xmlns:dp="http://www.datapower.com/schemas/management">
<mAdminState>enabled</mAdminState>
<DefStylesheetForSoap>store:///filter-reject-all.xsl</DefStylesheetForSoap>
<DefStylesheetForXsl>store:///identity.xsl</DefStylesheetForXsl>
<PolicyMaps>
<Match class="Matching">EncryptDecrypt</Match>
<Rule class="StylePolicyRule">EncryptDecrypt_request</Rule></PolicyMaps>
<PolicyMaps>
<Match class="Matching">decrypt</Match>
<Rule class="StylePolicyRule">EncryptDecrypt_rule_0</Rule></PolicyMaps></StylePolicy><XMLFirewallService name="EncryptDecrypt" xmlns:env="http://www.w3.org/2003/05/soap-envelope" xmlns:dp="http://www.datapower.com/schemas/management">
<mAdminState>enabled</mAdminState>
<LocalAddress>0.0.0.0</LocalAddress>
<UserSummary>an example XML Firewall Service</UserSummary>
<Priority>normal</Priority>
<LocalPort>12049</LocalPort>
<HTTPTimeout>120</HTTPTimeout>
<HTTPPersistTimeout>180</HTTPPersistTimeout>
<DoHostRewrite>on</DoHostRewrite>
<SuppressHTTPWarnings>off</SuppressHTTPWarnings>
<HTTPCompression>off</HTTPCompression>
<HTTPIncludeResponseTypeEncoding>off</HTTPIncludeResponseTypeEncoding>
<AlwaysShowErrors>off</AlwaysShowErrors>
<DisallowGet>on</DisallowGet>
<DisallowEmptyResponse>off</DisallowEmptyResponse>
<HTTPPersistentConnections>on</HTTPPersistentConnections>
<HTTPClientIPLabel>X-Client-IP</HTTPClientIPLabel>
<HTTPProxyPort>800</HTTPProxyPort>
<HTTPVersion>
<Front>HTTP/1.1</Front>
<Back>HTTP/1.1</Back></HTTPVersion>
<DoChunkedUpload>off</DoChunkedUpload>
<DefaultParamNamespace>http://www.datapower.com/param/config</DefaultParamNamespace>
<QueryParamNamespace>http://www.datapower.com/param/query</QueryParamNamespace>
<ForcePolicyExec>off</ForcePolicyExec>
<MonitorProcessingPolicy>terminate-at-first-throttle</MonitorProcessingPolicy>
<DebugMode persisted="false">off</DebugMode>
<DebuggerType>internal</DebuggerType>
<DebugHistory>25</DebugHistory>
<WebGUIMode>off</WebGUIMode>
<Type>loopback-proxy</Type>
<XMLManager class="XMLManager">default</XMLManager>
<StylePolicy class="StylePolicy">EncryptDecrypt</StylePolicy>
<MaxMessageSize>0</MaxMessageSize>
<RequestType>soap</RequestType>
<ResponseType>unprocessed</ResponseType>
<RequestAttachments>strip</RequestAttachments>
<ResponseAttachments>strip</ResponseAttachments>
<RootPartNotFirstAction>process-in-order</RootPartNotFirstAction>
<FrontAttachmentFormat>dynamic</FrontAttachmentFormat>
<BackAttachmentFormat>dynamic</BackAttachmentFormat>
<MIMEHeaders>on</MIMEHeaders>
<SOAPSchemaURL>store:///schemas/soap-envelope.xsd</SOAPSchemaURL>
<WSDLResponsePolicy>off</WSDLResponsePolicy>
<FirewallParserLimits>off</FirewallParserLimits>
<ParserLimitsBytesScanned>4194304</ParserLimitsBytesScanned>
<ParserLimitsElementDepth>512</ParserLimitsElementDepth>
<ParserLimitsAttributeCount>128</ParserLimitsAttributeCount>
<ParserLimitsMaxNodeSize>33554432</ParserLimitsMaxNodeSize>
<ParserLimitsForbidExternalReferences>on</ParserLimitsForbidExternalReferences>
<ParserLimitsMaxPrefixes>0</ParserLimitsMaxPrefixes>
<ParserLimitsMaxNamespaces>0</ParserLimitsMaxNamespaces>
<ParserLimitsMaxLocalNames>0</ParserLimitsMaxLocalNames>
<ParserLimitsAttachmentByteCount>2000000000</ParserLimitsAttachmentByteCount>
<ParserLimitsAttachmentPackageByteCount>0</ParserLimitsAttachmentPackageByteCount>
<ParserLimitsExternalReferences>forbid</ParserLimitsExternalReferences></XMLFirewallService></configuration><files><file name="local:///addsoapheader.xsl" src="local/addsoapheader.xsl" location="local" hash="QmENtBxJIPGnz9GtSrFQVrk2d9M="/><file name="cert:///FFIC-sscert.pem" src="cert/FFIC-sscert.pem" location="cert" key="true"/><file name="store:///set-wssec-encrypt-param.xsl" src="store/set-wssec-encrypt-param.xsl" location="store" hash="Z+jcmaj6BeZixiRYFhoeAbnhwvw="/><file name="store:///set-rsa-encrypt-param.xsl" src="store/set-rsa-encrypt-param.xsl" location="store" hash="zPTE0BmSpPBnyFdG+Iw1Sj5VXjM="/><file name="store:///set-wssec-common-param.xsl" src="store/set-wssec-common-param.xsl" location="store" hash="x+hIckdTLkDgd0Y0aWsdIaWAW1Y="/><file name="store:///set-soap-sender-param.xsl" src="store/set-soap-sender-param.xsl" location="store" hash="ugfsTxTyaHOhEARjWecvxWUvj5k="/><file name="store:///set-soap-common-param.xsl" src="store/set-soap-common-param.xsl" location="store" hash="DEc94rN+xpR07wzFBO9hQBrXl8E="/><file name="store:///wssec-utilities.xsl" src="store/wssec-utilities.xsl" location="store" hash="aW2JVSbcsjgvV0Sm9sMNatcW4r4="/><file name="cert:///FFIC-privkey.pem" src="cert/FFIC-privkey.pem" location="cert" key="true"/><file name="store:///set-soap-receiver-param.xsl" src="store/set-soap-receiver-param.xsl" location="store" hash="ZOKSLkAfl078rGQ9GhmS6niFm2w="/><file name="store:///dp/utilities.xsl" src="store/dp/utilities.xsl" location="store" hash="+qhGai/e4EEqGgLUUaDN2OT72OI="/><file name="webgui:///clixform.xsl" src="dp-aux/clixform.xsl" location="dp-aux" internal="true" hash="KOgndsQYi9f1w31849IBBFXzrrA="/><file name="webgui:///SchemaUtil.xsl" src="dp-aux/SchemaUtil.xsl" location="dp-aux" internal="true" hash="+EyYZxcz8cJMOIPca5cc3w3UwKY="/><file name="webgui:///management.xsl" src="dp-aux/management.xsl" location="dp-aux" internal="true" hash="+Ew49hOqS776HMWjBuzmaGBUaac="/><file name="webgui:///map-dmz.xsl" src="dp-aux/map-dmz.xsl" location="dp-aux" internal="true" hash="IEZVhvGN+AlSI1ERT6daILfIUb0="/><file name="webgui:///drMgmt.xml" src="dp-aux/drMgmt.xml" location="dp-aux" internal="true" hash="xXvSNS89YwT4HtVs4ywG8fnMlQg="/><file name="webgui:///basetypes.xml" src="dp-aux/basetypes.xml" location="dp-aux" internal="true" hash="va3o1RHfV1IkJRgzaRvf9jCxSgo="/></files></datapower-configuration>